Jal,The Revenant,thumb,,2,Android Phone,2021-09-16 9:51:49,
Jal,Bride Wars,thumb,,2,Smart TV,2021-08-16 1:51:29,
Jal,Serendipity,thumb,,2,HTML 5,2021-08-09 15:13:02,
Jal,Sherlock,thumb,,2,HTML 5,2021-08-02 13:20:42,
Jal,Django Unchained,thumb,,2,HTML 5,2021-08-01 7:55:27,
Jal,The Shawshank Redemption,thumb,,2,HTML 5,2021-08-01 7:52:57,
Jal,The Queen's Gambit,thumb,,2,HTML 5,2021-07-30 9:47:55,
Jal,Thunder Force,thumb,,1,HTML 5,2021-07-30 9:47:02,
Jal,Weathering with You,thumb,,2,HTML 5,2021-07-25 14:58:40,
Jal,No Strings Attached,thumb,,2,HTML 5,2021-07-25 14:56:31,
Jal,Silver Linings Playbook,thumb,,1,HTML 5,2021-07-25 14:54:01,
Jal,Easy A,thumb,,2,HTML 5,2021-07-25 1:22:23,
Jal,She's Funny That Way,thumb,,2,HTML 5,2021-07-24 14:27:24,
Jal,I Kill Giants,thumb,,1,HTML 5,2021-07-24 14:27:22,
Jal,Destination Wedding,thumb,,1,HTML 5,2021-07-24 14:27:18,
Jal,The Last Letter From Your Lover,thumb,,2,HTML 5,2021-07-24 13:11:31,
Jal,"Live Twice, Love Once",thumb,,2,HTML 5,2021-07-24 10:21:51,
Jal,American Assassin,thumb,,2,HTML 5,2021-07-22 11:09:48,
Jal,A.I. Artificial Intelligence,thumb,,1,HTML 5,2021-07-22 11:09:36,
Jal,Crazy Rich Asians,thumb,,1,HTML 5,2021-07-22 11:09:24,
Jal,"Hi Bye, Mama!",thumb,,2,HTML 5,2021-07-22 11:03:33,
Jal,Let It Snow,thumb,,2,Smart TV,2021-07-18 5:37:41,
Jal,Happiest Season,thumb,,2,Smart TV,2021-07-17 10:04:11,
Jal,People Places Things,thumb,,2,Smart TV,2021-07-16 13:36:57,
Jal,The Invisible Guest,thumb,,2,HTML 5,2021-07-15 10:34:47,
Jal,The Intern,thumb,,2,HTML 5,2021-07-15 10:34:41,
Jal,Stronger,thumb,,2,HTML 5,2021-07-13 12:40:13,
Jal,Bangkok Traffic (Love) Story,thumb,,2,HTML 5,2021-07-13 9:47:15,
Jal,Monster Hunter,thumb,,2,HTML 5,2021-07-12 10:20:28,
Jal,Before I Fall,thumb,,2,HTML 5,2021-07-11 15:56:47,
Jal,Girlfriend's Day,thumb,,1,Smart TV,2021-07-06 15:06:44,
Jal,Army of the Dead,thumb,,1,Smart TV,2021-07-05 15:28:37,
Jal,Hillbilly Elegy,thumb,,2,Smart TV,2021-07-05 11:33:10,
Jal,Wild Little Love,thumb,,1,Smart TV,2021-07-04 16:29:22,
Jal,The Lovely Bones,thumb,,2,Smart TV,2021-07-04 16:16:13,
Jal,The Mirror Has Two Faces,thumb,,2,Smart TV,2021-07-04 7:31:13,
Jal,Wanted,thumb,,2,Smart TV,2021-07-03 15:32:55,
Jal,The Edge of Seventeen,thumb,,2,Smart TV,2021-07-03 8:52:22,
Jal,Penguin Bloom,thumb,,2,Smart TV,2021-07-03 6:44:30,
Jal,Wonder,thumb,,2,Smart TV,2021-07-02 15:56:16,
Jal,The Upside,thumb,,2,Smart TV,2021-07-02 13:49:19,
Jal,Changeling,thumb,,2,Smart TV,2021-07-02 5:49:29,
Jal,Mike and Dave Need Wedding Dates,thumb,,2,Smart TV,2021-07-01 16:04:30,
Jal,Our Ladies,thumb,,2,Smart TV,2021-07-01 11:42:10,
Jal,Killers,thumb,,2,Smart TV,2021-06-30 13:34:29,
Jal,Nerve,thumb,,2,Smart TV,2021-06-30 13:33:28,
Jal,Private Life,thumb,,2,Smart TV,2021-06-30 13:31:09,
Jal,Happy Anniversary,thumb,,2,Smart TV,2021-06-30 12:50:20,
Jal,Valerian and the City of a Thousand Planets,thumb,,1,Smart TV,2021-06-30 10:11:13,
Jal,In Family I Trust,thumb,,2,Smart TV,2021-06-29 4:22:46,
Jal,Ready to Mingle,thumb,,2,Android Phone,2021-06-28 16:39:29,
Jal,My Favorite Wedding,thumb,,1,Smart TV,2021-06-27 16:23:51,
Jal,Good on Paper,thumb,,2,Smart TV,2021-06-27 7:02:25,
Jal,Gone Baby Gone,thumb,,2,Smart TV,2021-06-26 16:23:43,
Jal,All The Bright Places,thumb,,2,Smart TV,2021-06-25 17:09:35,
Jal,Broken Hearts Gallery,thumb,,2,Smart TV,2021-06-24 16:58:48,
Jal,Fatherhood,thumb,,2,Smart TV,2021-06-19 16:48:10,
Jal,John Tucker Must Die,thumb,,2,Smart TV,2021-06-16 11:58:45,
Jal,Colossal,thumb,,2,Smart TV,2021-06-14 12:27:37,
Jal,About Time,thumb,,2,PS4,2021-06-11 13:44:13,
Jal,Spotlight,thumb,,2,PS4,2021-06-10 9:53:56,
Jal,So It's You,thumb,,2,PS4,2021-06-06 0:02:55,
Jal,Irreplaceable You,thumb,,2,Smart TV,2021-06-02 15:31:00,
Jal,Fear,thumb,,2,Smart TV,2021-06-01 10:11:03,
Jal,"Us, at the End of the Year",thumb,,2,Smart TV,2021-05-25 17:45:15,
Jal,I'm Thinking of Ending Things,thumb,,2,Smart TV,2021-05-25 9:13:45,
Jal,Two Distant Strangers,thumb,,2,Smart TV,2021-05-11 7:43:48,
Jal,Tower Heist,thumb,,2,Smart TV,2021-05-09 16:11:09,
Jal,Sierra Burgess Is a Loser,thumb,,2,Smart TV,2021-05-07 11:25:51,
Jal,The Wrong Missy,thumb,,2,Smart TV,2021-05-03 5:21:45,
Jal,The Mitchells vs. The Machines,thumb,,2,Smart TV,2021-05-02 15:27:35,
Jal,Jack and Jill,thumb,,2,Smart TV,2021-05-02 13:10:40,
Jal,The Do-Over,thumb,,2,Smart TV,2021-05-01 8:00:40,
Jal,"Mary, Queen of Scots",thumb,,2,Smart TV,2021-04-30 9:37:27,
Jal,Hancock,thumb,,2,Smart TV,2021-04-29 13:43:47,
Jal,Double Jeopardy,thumb,,2,Smart TV,2021-04-29 11:26:29,
Jal,Just Married,thumb,,2,iPhone,2021-04-28 13:32:26,
Jal,Bad Moms,thumb,,2,iPhone,2021-04-24 10:12:03,
Jal,Greta,thumb,,2,HTML 5,2021-04-24 5:23:32,
Jal,Eat Pray Love,thumb,,1,iPhone,2021-04-23 9:36:23,
Jal,Green Book,thumb,,2,Smart TV,2021-04-20 11:35:19,
Jal,Marriage Story,thumb,,2,Smart TV,2021-04-20 0:28:13,
Jal,To the Bone,thumb,,2,Smart TV,2021-04-20 0:28:08,
Jal,Pieces of a Woman,thumb,,2,Smart TV,2021-04-20 0:08:13,
Jal,Dangerous Lies,thumb,,1,Smart TV,2021-04-17 3:44:54,
Jal,Circle,thumb,,1,Smart TV,2021-04-16 17:23:01,
Jal,Love and Monsters,thumb,,2,Smart TV,2021-04-16 15:46:27,
Jal,The Taking of Pelham 123,thumb,,2,Smart TV,2021-04-16 12:50:28,
Jal,Hush,thumb,,2,Smart TV,2021-04-15 15:04:32,
Jal,Single White Female,thumb,,2,Smart TV,2021-04-09 15:50:19,
Jal,Gifted,thumb,,2,Smart TV,2021-04-08 13:30:17,
Jal,Curve,thumb,,1,Smart TV,2021-04-08 11:17:20,
Jal,Kim's Convenience,thumb,,2,Smart TV,2021-04-05 4:26:06,
Jal,What a Girl Wants,thumb,,2,Smart TV,2021-04-03 8:57:59,
Jal,Wanderlust,thumb,,2,Smart TV,2021-04-02 16:59:38,
Jal,Wild Things,thumb,,1,Smart TV,2021-04-02 11:57:57,
Jal,The Half Of It,thumb,,2,Smart TV,2021-03-30 7:19:14,
Jal,The Brave One,thumb,,2,Smart TV,2021-03-26 17:40:54,
Jal,"ariana grande: excuse me, i love you",thumb,,2,Smart TV,2021-03-26 1:58:00,
Jal,The Con-Heartist,thumb,,2,Smart TV,2021-03-21 12:24:47,
Jal,Earthquake Bird,thumb,,1,Smart TV,2021-03-21 7:21:39,
Jal,Grace of Monaco,thumb,,2,Smart TV,2021-03-19 5:18:12,
Jal,Ghost,thumb,,2,Smart TV,2021-03-18 0:36:14,
Jal,Ocean's Thirteen,thumb,,2,Smart TV,2021-03-13 10:02:44,
Jal,Ocean's Twelve,thumb,,2,Smart TV,2021-03-12 15:02:06,
Jal,Moxie,thumb,,2,Smart TV,2021-03-12 2:59:34,
Jal,The Crown,thumb,,2,HTML 5,2021-03-06 11:52:40,
Jal,The Break-Up,thumb,,2,HTML 5,2021-02-18 10:38:45,
Jal,Friends with Benefits,thumb,,2,HTML 5,2021-02-18 10:38:38,
Jal,The Five-Year Engagement,thumb,,2,HTML 5,2021-02-18 10:38:29,
Jal,27 Dresses,thumb,,2,HTML 5,2021-02-18 10:37:54,
Jal,Vantage Point,thumb,,2,HTML 5,2021-02-13 12:53:55,
Jal,"Definitely, Maybe",thumb,,1,HTML 5,2021-02-12 12:05:43,
Jal,Santa Clarita Diet,thumb,,2,HTML 5,2021-02-11 15:12:38,
Jal,Space Sweepers,thumb,,2,HTML 5,2021-02-11 14:48:27,
Jal,Pay It Forward,thumb,,2,HTML 5,2021-02-08 11:54:37,
Jal,Leap Year,thumb,,2,Smart TV,2021-02-04 12:40:42,
Jal,RED,thumb,,2,Smart TV,2021-02-04 11:19:15,
Jal,Friends,thumb,,2,Smart TV,2021-02-04 3:54:55,
Jal,Valentine's Day,thumb,,2,Smart TV,2021-02-02 14:28:44,
Jal,Logan Lucky,thumb,,2,Smart TV,2021-01-23 15:24:58,
Jal,Pride & Prejudice,thumb,,2,Smart TV,2021-01-06 3:16:31,
Jal,Inside Man,thumb,,2,Smart TV,2021-01-05 13:51:49,
Jal,The Firm,thumb,,2,Smart TV,2021-01-05 11:46:29,
Jal,Bridget Jones's Diary,thumb,,2,Smart TV,2021-01-04 23:45:25,
Jal,Music and Lyrics,thumb,,2,Smart TV,2021-01-04 23:45:01,
Jal,Love Happens,thumb,,2,iPhone,2021-01-04 14:02:50,
Jal,Blended,thumb,,2,iPhone,2021-01-02 16:19:19,
Jal,Proof of Life,thumb,,2,Smart TV,2021-01-02 7:24:27,
Jal,The Martian,thumb,,2,Smart TV,2020-12-31 10:28:56,
Jal,Hidden Figures,thumb,,2,Smart TV,2020-12-31 10:27:47,
Jal,The Midnight Sky,thumb,,2,Smart TV,2020-12-31 10:26:56,
Jal,The Laundromat,thumb,,2,Smart TV,2020-12-29 8:02:50,
Jal,Why Him?,thumb,,2,iPhone,2020-12-25 14:40:35,
Jal,The Stand-In,thumb,,2,Smart TV,2020-12-18 12:44:04,
Jal,Feel the Beat,thumb,,2,Smart TV,2020-12-16 9:48:11,
Jal,Smallfoot,thumb,,2,PS4,2020-12-11 12:22:08,
Jal,50 First Dates,thumb,,2,PS4,2020-12-09 11:50:53,
Jal,Mute,thumb,,2,iPhone,2020-12-02 16:14:39,
Jal,Dumplin',thumb,,2,iPhone,2020-12-01 15:42:47,
Jal,The Italian Job,thumb,,2,Smart TV,2020-11-29 23:27:04,
Jal,State of Play,thumb,,2,Smart TV,2020-11-28 15:22:27,
Jal,The Christmas Chronicles: Part Two,thumb,,2,Smart TV,2020-11-28 11:00:00,
Jal,Die Hard 4.0,thumb,,2,Smart TV,2020-11-28 9:07:34,
Jal,Big Eyes,thumb,,2,PS4,2020-11-09 16:00:27,
Jal,The Other Woman,thumb,,2,PS4,2020-11-05 14:46:30,
Jal,Bridesmaids,thumb,,2,Smart TV,2020-11-01 10:08:09,
Jal,Little Women,thumb,,2,Smart TV,2020-10-02 5:39:31,
Jal,Mercury Rising,thumb,,2,iPhone,2020-07-22 14:29:18,
Jal,Fracture,thumb,,2,iPhone,2020-07-22 14:25:35,
Jal,Catch Me If You Can,thumb,,2,iPhone,2020-07-22 14:24:25,
Jal,The Truman Show,thumb,,2,iPhone,2020-07-22 14:24:20,
Jal,The Perfection,thumb,,2,iPhone,2020-07-08 14:50:11,
Jal,Forgetting Sarah Marshall,thumb,,2,iPhone,2020-07-08 14:44:47,
Jal,The Good Place,thumb,,2,iPhone,2020-07-07 9:50:30,
Jal,The Change-Up,thumb,,2,iPhone,2020-07-05 14:45:57,
Jal,Win a Date with Tad Hamilton!,thumb,,2,iPhone,2020-06-27 13:36:56,
Jal,Keeping Up with the Kardashians,thumb,,1,iPhone,2020-06-18 15:34:53,
Jal,The Switch,thumb,,2,iPhone,2020-06-17 15:00:24,
Jal,Isn't It Romantic,thumb,,2,iPhone,2020-06-17 15:00:19,
Jal,Life of the Party,thumb,,2,iPhone,2020-06-17 15:00:05,
Jal,Ozark,thumb,,2,Smart TV,2020-06-05 11:39:55,
Jal,The Coldest Game,thumb,,2,iPhone,2020-06-02 14:31:34,
Jal,Superbad,thumb,,2,Smart TV,2020-06-02 6:36:17,
Jal,Ready Player One,thumb,,2,iPhone,2020-05-31 14:06:11,
Jal,The Big Short,thumb,,2,iPhone,2020-05-29 13:04:49,
Jal,The Family Stone,thumb,,2,iPhone,2020-05-28 15:16:16,
Jal,Snatch,thumb,,2,iPhone,2020-05-28 15:16:03,
Jal,Jerry Seinfeld: 23 Hours To Kill,thumb,,1,iPhone,2020-05-28 15:15:02,
Jal,Lady Bird,thumb,,2,iPhone,2020-05-28 15:14:15,
Jal,The Other Guys,thumb,,2,iPhone,2020-05-28 15:08:51,
Jal,Bird Box,thumb,,2,iPhone,2020-05-28 15:08:38,
Jal,The Blind Side,thumb,,2,iPhone,2020-05-28 15:08:28,
Jal,The Heat,thumb,,2,iPhone,2020-05-28 15:08:21,
Jal,License to Wed,thumb,,2,iPhone,2020-05-28 15:07:55,
Jal,Unfinished Business,thumb,,2,iPhone,2020-05-26 6:16:45,
Jal,Just Go With It,thumb,,2,iPhone,2020-05-24 15:29:00,
Jal,The Bounty Hunter,thumb,,2,iPhone,2020-05-24 15:28:54,
Jal,Murder Mystery,thumb,,2,iPhone,2020-05-24 15:28:49,
Jal,Monster-in-Law,thumb,,2,iPhone,2020-05-24 15:28:19,
Jal,The Ugly Truth,thumb,,2,iPhone,2020-05-24 15:27:51,
Jal,He's Just Not That Into You,thumb,,2,iPhone,2020-05-24 15:27:41,
Jal,Two Weeks Notice,thumb,,2,iPhone,2020-05-24 15:27:34,
Jal,Workin' Moms,thumb,,2,Smart TV,2020-05-21 11:54:42,
Jal,Life as We Know It,thumb,,2,iPhone,2020-05-19 14:38:15,
Jal,The Devil Wears Prada,thumb,,2,iPhone,2020-05-19 14:37:52,
Jal,Rumor Has It...,thumb,,2,iPhone,2020-05-19 14:37:46,
Jal,"Crazy, Stupid, Love.",thumb,,2,iPhone,2020-05-19 14:37:38,
Jal,Made of Honor,thumb,,2,iPhone,2020-05-19 14:37:25,
Jal,Did You Hear About the Morgans?,thumb,,2,iPhone,2020-05-19 14:37:18,
Jal,Failure to Launch,thumb,,2,iPhone,2020-05-19 14:37:11,
Jal,Notting Hill,thumb,,2,iPhone,2020-05-19 14:36:56,
Jal,Spy,thumb,,2,iPhone,2020-05-19 11:39:49,
Jal,Get Smart,thumb,,2,iPhone,2020-05-19 11:39:02,
Jal,Game Night,thumb,,2,iPhone,2020-05-19 11:38:51,